age,job,marital,education,default,balance,housing,loan,day,month,duration,campaign,pdays,previous,deposit
55,admin,married,primary,no,319,no,no,21,nov,124,3,-1,0,no
31,management,married,tertiary,no,2603,yes,no,11,feb,280,4,-1,0,yes
36,admin,single,secondary,no,148,yes,no,15,may,1357,4,374,2,yes
34,management,single,tertiary,no,13014,no,no,13,aug,738,1,-1,0,yes
39,management,married,tertiary,no,-233,yes,no,19,nov,249,1,-1,0,no
35,technician,married,secondary,no,-180,no,yes,13,aug,823,2,-1,0,yes
72,retired,married,secondary,no,0,no,no,29,oct,189,3,-1,0,yes
41,management,married,secondary,no,456,yes,no,11,aug,734,4,-1,0,yes
34,admin,single,tertiary,no,18,yes,yes,30,apr,359,1,-1,0,yes
25,student,single,secondary,no,293,yes,no,5,may,170,2,-1,0,no
38,management,divorced,tertiary,no,155,yes,no,20,jun,25,26,-1,0,no
50,management,married,unknown,no,8345,no,no,27,feb,194,1,261,1,yes
32,blueCollar,married,secondary,no,-208,yes,yes,9,may,325,1,-1,0,no
26,admin,single,tertiary,no,3730,yes,no,11,mar,93,1,98,4,no
30,student,single,tertiary,no,3026,no,no,23,jul,251,1,535,1,yes
54,technician,single,tertiary,no,118,no,no,5,apr,280,1,-1,0,yes
47,retired,single,primary,no,3033,no,no,8,sep,293,1,-1,0,yes
37,services,divorced,secondary,no,319,yes,no,6,jun,467,3,-1,0,yes
43,housemaid,married,primary,no,25,no,no,12,aug,121,2,-1,0,no
31,admin,single,secondary,no,410,no,no,23,apr,342,1,-1,0,yes
31,management,married,tertiary,no,1331,no,no,30,apr,297,1,86,3,yes
63,retired,divorced,tertiary,no,0,no,no,13,may,263,1,181,2,yes
45,services,married,secondary,no,0,no,no,11,jul,106,2,-1,0,no
31,housemaid,single,primary,no,26965,no,no,21,apr,654,2,-1,0,yes
31,technician,married,secondary,yes,-463,yes,no,28,may,210,1,-1,0,no
56,admin,married,secondary,no,5310,no,no,19,jun,74,1,-1,0,no
42,admin,single,unknown,no,22,no,no,19,jun,246,3,-1,0,no
27,admin,single,unknown,no,5,yes,no,17,jul,225,2,-1,0,no
48,management,married,tertiary,no,1600,no,no,18,nov,448,1,-1,0,no
37,management,married,tertiary,no,2987,yes,no,13,may,216,1,87,10,yes
32,admin,single,secondary,no,10218,yes,no,19,nov,149,2,-1,0,no
31,services,married,secondary,no,1167,yes,yes,20,nov,279,1,-1,0,no
47,management,single,tertiary,no,0,no,no,21,aug,136,2,-1,0,no
58,retired,divorced,secondary,no,0,no,no,17,jun,436,5,-1,0,no
32,student,married,secondary,no,833,yes,no,2,nov,227,5,164,3,no
32,technician,married,secondary,no,4790,yes,no,22,jul,314,2,-1,0,no
54,management,married,tertiary,no,184,no,no,6,feb,13,6,-1,0,no
31,technician,married,secondary,no,4182,yes,no,4,may,347,2,-1,0,yes
55,technician,married,tertiary,no,1320,no,no,28,jul,340,1,91,2,yes
47,housemaid,divorced,secondary,no,1453,no,no,12,jun,303,1,-1,0,no
38,admin,divorced,secondary,no,0,no,no,5,jun,56,1,-1,0,no
32,technician,single,secondary,no,1732,yes,no,14,aug,1871,3,-1,0,yes
40,blueCollar,married,primary,no,919,yes,no,3,jun,327,2,-1,0,no
40,management,married,tertiary,no,193,no,no,18,aug,105,6,-1,0,no
54,management,single,tertiary,no,4393,yes,no,16,may,1297,3,-1,0,yes
41,technician,married,tertiary,no,0,no,no,20,jun,95,1,-1,0,no
43,technician,divorced,secondary,no,6835,no,no,20,jun,262,2,-1,0,no
34,admin,divorced,secondary,no,1085,no,no,11,mar,101,7,-1,0,yes
51,management,married,tertiary,no,3463,no,yes,13,jul,371,2,166,3,yes
39,housemaid,married,primary,no,2460,no,no,11,jul,194,3,-1,0,no
28,technician,married,secondary,no,880,yes,no,26,may,188,1,-1,0,no
55,retired,married,primary,no,3876,no,no,21,nov,54,1,-1,0,no
76,retired,married,tertiary,no,2991,no,no,25,jan,195,1,95,2,no
35,services,married,secondary,no,0,yes,no,30,jul,251,3,-1,0,no
27,student,single,tertiary,no,5291,no,no,12,nov,192,2,92,2,yes
23,technician,single,tertiary,no,1129,yes,no,28,may,806,1,-1,0,yes
30,management,single,tertiary,no,4210,no,no,12,aug,796,4,-1,0,yes
47,technician,married,secondary,no,1233,yes,no,11,sep,91,1,100,2,yes
39,management,married,tertiary,no,3518,yes,no,8,may,440,1,-1,0,no
30,blueCollar,married,secondary,no,486,yes,no,29,may,1109,3,-1,0,yes
55,technician,married,unknown,no,574,yes,no,29,jan,243,2,-1,0,no
44,selfEmployed,single,tertiary,no,2734,yes,no,12,may,897,4,-1,0,yes
56,management,single,tertiary,no,6507,yes,yes,29,jan,134,1,196,1,no
43,management,married,tertiary,no,1429,yes,no,19,nov,1015,1,198,2,yes
34,services,divorced,secondary,no,89,yes,no,15,may,1871,4,-1,0,yes
35,services,single,primary,no,167,no,yes,11,jul,614,2,-1,0,yes
35,blueCollar,married,secondary,no,503,yes,yes,9,may,57,2,-1,0,no
40,blueCollar,divorced,unknown,no,528,yes,no,13,may,340,2,357,5,no
33,admin,married,secondary,no,920,no,no,13,aug,111,1,105,1,no
26,student,single,secondary,no,502,yes,no,7,may,82,1,-1,0,no
42,housemaid,married,unknown,no,302,yes,no,11,jul,342,2,-1,0,no
31,admin,married,secondary,no,3,yes,no,28,jul,37,12,-1,0,no
31,unemployed,single,secondary,no,315,no,no,30,jan,130,1,2,1,no
33,technician,married,secondary,no,0,no,no,25,aug,296,8,-1,0,no
33,management,married,tertiary,no,584,yes,no,7,aug,269,3,-1,0,no
35,admin,single,tertiary,no,994,no,no,30,apr,400,1,87,2,yes
43,technician,married,tertiary,no,4333,yes,no,20,nov,1490,3,-1,0,yes
52,retired,married,tertiary,no,2269,no,no,20,jun,1210,1,-1,0,yes
30,management,single,tertiary,no,596,no,no,4,jun,125,2,-1,0,no
29,unknown,single,secondary,no,923,no,no,26,may,333,1,-1,0,no
43,services,divorced,unknown,no,2363,yes,no,17,nov,229,1,-1,0,no
58,retired,married,primary,no,5092,no,no,11,jun,199,6,-1,0,no
39,services,married,secondary,no,-971,yes,yes,28,may,104,2,-1,0,no
29,admin,single,secondary,no,-309,yes,yes,4,jun,215,1,-1,0,no
58,management,married,tertiary,no,3342,no,no,5,feb,344,5,-1,0,yes
31,student,single,secondary,no,1776,no,no,15,jun,220,1,207,1,yes
34,admin,married,secondary,no,2378,yes,yes,10,jul,92,1,-1,0,no
54,management,married,secondary,no,1134,yes,no,25,jul,1330,3,-1,0,yes
59,retired,married,secondary,no,1887,no,no,28,aug,88,8,-1,0,no
55,admin,married,secondary,no,865,yes,no,8,jul,105,1,82,2,no
46,technician,married,unknown,no,605,yes,no,20,apr,780,2,-1,0,no
55,management,divorced,primary,no,3629,yes,no,30,may,87,1,-1,0,no
28,blueCollar,single,primary,no,-30,yes,no,31,jul,108,5,-1,0,no
37,technician,single,secondary,no,2442,no,no,16,feb,91,3,-1,0,yes
78,retired,married,primary,no,240,no,no,20,apr,325,1,-1,0,yes
70,retired,divorced,primary,no,275,no,no,15,apr,82,1,-1,0,yes
40,services,married,secondary,no,3164,yes,no,3,apr,329,2,-1,0,no
33,management,single,tertiary,no,224,no,no,23,jun,342,2,107,2,yes
51,technician,divorced,secondary,no,2323,yes,yes,18,aug,151,10,-1,0,no
51,admin,divorced,secondary,no,520,no,yes,10,jul,157,1,-1,0,no
41,housemaid,married,primary,no,0,no,no,14,apr,168,1,-1,0,yes
45,admin,married,secondary,no,46,yes,no,5,may,234,1,-1,0,no
35,technician,married,secondary,no,1,yes,yes,21,may,85,1,-1,0,no
61,management,married,tertiary,no,997,no,no,22,jun,269,1,104,1,yes
19,student,single,secondary,no,372,no,no,8,jul,444,3,-1,0,yes
34,management,single,tertiary,no,5,no,no,18,aug,370,2,-1,0,yes
36,blueCollar,married,secondary,no,0,no,no,15,jul,794,1,-1,0,no
55,management,married,unknown,no,179,no,no,19,jun,97,1,-1,0,no
38,admin,divorced,secondary,no,19,yes,no,30,may,604,2,-1,0,yes
37,admin,divorced,secondary,no,1573,yes,no,12,may,639,3,326,10,no
58,unemployed,married,secondary,no,687,yes,no,7,aug,221,1,99,2,yes
45,admin,married,secondary,no,111,yes,no,11,aug,173,1,-1,0,no
31,technician,single,tertiary,yes,24,no,no,21,aug,246,2,-1,0,no
55,services,divorced,secondary,no,2166,yes,no,28,may,23,17,-1,0,no
54,management,divorced,tertiary,no,5475,no,no,22,jul,321,4,-1,0,yes
48,admin,married,secondary,no,292,yes,yes,29,jul,164,6,-1,0,no
59,retired,married,secondary,no,434,yes,no,12,may,63,3,-1,0,no
44,management,married,tertiary,no,3091,yes,no,17,jun,331,4,-1,0,no
47,technician,married,tertiary,no,1694,no,yes,20,jun,560,3,-1,0,yes
50,entrepreneur,married,secondary,no,2731,no,no,8,aug,111,2,-1,0,no
59,retired,married,primary,no,3648,no,no,23,oct,257,2,126,3,yes
40,management,married,tertiary,no,0,no,no,10,nov,147,1,96,8,yes
31,management,single,tertiary,no,4718,yes,no,21,nov,536,1,-1,0,yes
31,unemployed,single,tertiary,no,140,yes,no,7,may,11,2,-1,0,no
22,student,single,secondary,no,1522,no,no,30,oct,368,2,-1,0,yes
59,blueCollar,married,primary,no,320,yes,no,15,may,695,1,-1,0,yes
31,technician,married,tertiary,no,1570,yes,no,8,mar,277,4,286,1,yes
28,services,single,secondary,no,525,no,no,23,jul,81,1,-1,0,no
31,technician,married,tertiary,no,3382,no,no,30,apr,739,1,-1,0,yes
59,management,married,tertiary,no,7049,no,no,21,nov,530,1,163,2,yes
36,management,single,secondary,no,0,no,no,13,aug,333,5,-1,0,no
30,management,single,tertiary,no,697,no,no,10,aug,179,3,102,2,yes
42,services,married,secondary,no,508,yes,no,30,may,70,1,-1,0,no
42,services,married,primary,no,473,yes,no,30,jan,54,1,-1,0,no
43,admin,married,secondary,no,2682,no,no,30,jul,103,8,-1,0,no
33,selfEmployed,married,primary,no,1862,yes,no,12,may,65,1,-1,0,no
33,entrepreneur,married,secondary,no,5809,yes,no,22,aug,219,4,-1,0,no
29,selfEmployed,single,secondary,no,970,yes,no,13,may,240,1,-1,0,no
35,unemployed,single,secondary,no,295,no,no,17,mar,473,1,-1,0,yes
36,services,married,secondary,no,4721,no,no,9,mar,288,2,90,3,yes
41,technician,single,secondary,no,5329,no,no,14,jul,397,2,-1,0,yes
21,student,single,secondary,no,224,no,no,30,apr,871,1,-1,0,yes
27,management,single,tertiary,no,2489,no,no,15,jul,323,2,163,2,yes
40,admin,single,secondary,no,100,yes,no,11,aug,221,1,461,1,yes
47,housemaid,married,secondary,no,2524,no,no,12,oct,105,1,-1,0,yes
54,admin,married,secondary,no,0,no,no,27,jan,565,1,-1,0,yes
46,blueCollar,married,secondary,no,922,no,yes,14,jul,151,2,-1,0,no
25,student,single,secondary,no,703,no,no,5,may,1100,3,-1,0,no
53,technician,married,unknown,no,2242,no,no,10,jul,154,14,-1,0,no
35,admin,single,secondary,no,-32,no,yes,6,aug,366,2,178,9,yes
52,housemaid,married,primary,no,3798,yes,no,17,jul,1208,1,-1,0,yes
38,management,married,tertiary,no,0,yes,no,30,apr,571,1,-1,0,yes
46,technician,married,secondary,no,536,yes,no,16,jun,750,2,-1,0,yes
29,admin,single,secondary,no,464,no,no,9,nov,208,2,91,3,yes
41,blueCollar,divorced,primary,no,664,no,yes,15,jul,955,5,-1,0,yes
34,management,single,tertiary,no,2633,yes,no,21,nov,705,6,-1,0,yes
31,entrepreneur,single,secondary,no,0,no,no,13,nov,160,1,-1,0,yes
33,admin,single,tertiary,no,272,yes,no,1,jun,326,1,237,2,yes
59,retired,married,tertiary,no,422,yes,no,14,may,647,4,-1,0,yes
37,blueCollar,married,secondary,no,374,yes,no,7,may,944,3,-1,0,no
37,technician,married,secondary,no,5115,yes,no,17,nov,1210,2,171,4,yes
31,technician,single,tertiary,no,13711,yes,no,20,nov,1532,3,-1,0,yes
60,blueCollar,married,primary,no,5,no,no,29,jan,533,1,92,1,yes
36,technician,single,secondary,no,27,yes,no,9,feb,631,1,260,2,yes
19,student,single,unknown,no,108,no,no,9,mar,273,2,182,1,yes
33,technician,single,secondary,no,0,no,no,3,jul,1106,2,-1,0,no
40,management,married,tertiary,no,964,yes,no,13,may,95,3,-1,0,no
51,technician,married,tertiary,no,825,no,no,17,nov,977,3,-1,0,yes
33,admin,single,secondary,no,1437,yes,no,21,may,641,1,-1,0,no
47,admin,married,secondary,no,1358,yes,no,14,may,80,4,-1,0,no
38,technician,single,tertiary,no,25,yes,no,1,jun,232,2,-1,0,yes
46,blueCollar,married,secondary,no,1723,no,no,17,jun,176,2,52,7,yes
30,selfEmployed,married,secondary,no,131,yes,no,8,may,306,1,-1,0,no
31,blueCollar,single,secondary,no,-159,no,yes,21,nov,49,1,-1,0,no
31,management,married,tertiary,no,4148,yes,no,21,nov,316,3,99,9,yes
23,admin,single,secondary,no,1104,yes,no,12,may,120,2,-1,0,no
25,student,single,unknown,no,2503,no,no,26,feb,100,2,-1,0,no
40,blueCollar,married,secondary,no,299,yes,no,15,jul,180,4,-1,0,no
79,retired,married,secondary,no,668,no,no,2,jul,363,1,-1,0,yes
26,admin,single,tertiary,no,313,no,yes,2,jun,199,1,96,2,yes
25,admin,single,tertiary,no,1141,yes,no,5,may,718,1,347,1,no
25,student,single,tertiary,no,326,no,no,26,may,390,1,-1,0,yes
30,services,divorced,secondary,no,0,no,no,29,jan,89,1,-1,0,no
26,management,single,tertiary,no,170,no,no,15,jun,129,1,-1,0,yes
34,technician,single,secondary,no,664,yes,yes,11,may,88,2,343,2,no
35,blueCollar,married,secondary,no,1098,yes,no,26,may,19,17,-1,0,no
67,management,married,tertiary,no,405,no,no,10,nov,344,2,95,2,yes
52,entrepreneur,married,tertiary,yes,-468,no,no,8,jul,534,1,-1,0,yes
36,unemployed,married,secondary,no,439,yes,no,6,feb,18,6,-1,0,no
52,blueCollar,single,secondary,no,1541,yes,no,14,may,243,1,-1,0,no
35,blueCollar,married,tertiary,no,5271,yes,no,14,apr,119,2,-1,0,no
35,technician,single,primary,no,744,yes,no,7,apr,1096,1,-1,0,no
86,retired,divorced,primary,no,0,no,no,26,aug,189,1,-1,0,yes
32,technician,married,secondary,no,303,yes,no,8,apr,150,1,267,4,yes
27,technician,single,tertiary,no,11862,no,no,25,nov,285,2,97,7,yes
25,services,single,unknown,no,2022,no,no,29,jul,276,8,97,12,yes
37,management,married,tertiary,no,2951,no,no,21,nov,101,3,-1,0,no
34,housemaid,married,tertiary,no,677,no,no,9,feb,37,2,-1,0,no
29,admin,single,secondary,no,488,yes,no,4,jun,105,1,-1,0,no
30,unemployed,married,secondary,no,142,yes,no,20,may,350,4,-1,0,no
57,admin,married,secondary,no,169,no,no,3,feb,369,1,-1,0,yes
42,blueCollar,married,primary,no,170,yes,no,19,may,51,41,-1,0,no
31,blueCollar,married,secondary,no,2591,yes,no,20,nov,55,1,-1,0,no
31,blueCollar,married,primary,no,0,yes,yes,12,may,59,4,-1,0,no
38,blueCollar,married,secondary,no,1165,yes,no,13,aug,784,3,94,10,yes
32,selfEmployed,single,tertiary,no,658,yes,no,27,mar,283,1,-1,0,yes
61,retired,married,primary,no,296,yes,yes,3,jun,323,2,-1,0,no
75,retired,married,secondary,no,3771,no,no,16,oct,186,1,183,1,yes
47,blueCollar,married,secondary,no,1730,yes,no,30,apr,231,1,-1,0,yes
32,management,married,tertiary,no,26,no,no,22,aug,222,6,-1,0,no
39,management,married,tertiary,no,1836,no,no,6,aug,902,3,-1,0,yes
35,selfEmployed,divorced,secondary,no,3443,no,no,30,jul,409,4,-1,0,no
32,services,married,secondary,no,-344,no,yes,4,feb,44,1,-1,0,no
54,management,divorced,tertiary,no,-449,yes,no,14,may,691,1,-1,0,yes
45,admin,divorced,primary,no,429,yes,no,22,apr,147,1,181,1,yes
43,blueCollar,married,secondary,no,576,yes,yes,13,may,148,1,-1,0,no
32,blueCollar,single,secondary,no,15341,no,no,21,may,738,3,-1,0,no
59,retired,divorced,unknown,no,-49,yes,no,13,may,248,2,-1,0,no
35,blueCollar,married,secondary,no,120,yes,no,28,may,245,2,-1,0,no
45,blueCollar,married,primary,no,360,no,no,20,jun,98,2,-1,0,no
50,services,married,secondary,no,1134,no,no,18,jun,53,2,-1,0,no
30,management,single,tertiary,no,3773,yes,no,9,feb,75,4,258,1,no
51,admin,divorced,secondary,no,2195,yes,no,13,may,59,1,-1,0,no
60,technician,married,tertiary,no,91,no,no,27,aug,105,4,-1,0,no
54,selfEmployed,divorced,tertiary,no,0,yes,yes,29,jan,309,3,-1,0,no
60,technician,married,tertiary,no,-71,yes,yes,30,jan,1451,1,-1,0,yes
51,management,married,primary,yes,57,yes,yes,8,may,61,1,-1,0,no
59,admin,married,secondary,no,106,no,no,22,may,186,1,-1,0,yes
40,blueCollar,married,primary,no,1206,no,yes,16,jul,201,5,-1,0,no
26,unemployed,single,tertiary,no,814,no,no,28,jan,1387,1,-1,0,yes
21,student,single,primary,no,423,no,no,18,jan,287,5,285,5,yes
29,management,single,tertiary,no,265,no,no,22,may,491,1,-1,0,yes
34,unknown,single,secondary,no,859,no,no,28,jan,829,1,-1,0,yes
38,technician,married,secondary,no,1478,no,no,12,aug,926,4,-1,0,yes
38,services,married,primary,no,0,no,no,28,jul,33,3,-1,0,no
35,management,single,tertiary,no,538,no,no,22,dec,410,3,165,2,yes
47,admin,married,secondary,no,3676,no,no,15,jul,415,2,342,1,yes
47,admin,married,secondary,no,3480,no,no,16,apr,443,1,-1,0,yes
34,blueCollar,single,unknown,no,129,yes,yes,16,nov,295,1,200,2,yes
28,management,single,tertiary,no,3611,no,no,26,feb,141,2,-1,0,yes
44,services,divorced,secondary,no,-368,yes,no,5,may,895,1,-1,0,yes
35,blueCollar,divorced,primary,no,300,yes,no,13,may,945,2,-1,0,yes
35,technician,single,secondary,no,365,yes,no,8,may,256,2,-1,0,no
26,admin,single,tertiary,no,3672,yes,no,29,may,360,5,-1,0,no
49,blueCollar,divorced,primary,no,24,yes,no,11,may,701,1,362,1,yes
61,management,married,tertiary,no,3371,no,no,28,sep,299,2,-1,0,yes
58,services,married,primary,no,2946,yes,no,14,may,467,1,-1,0,yes
35,technician,single,secondary,no,300,yes,no,9,may,338,4,-1,0,no
38,management,married,tertiary,no,1875,no,no,17,nov,286,1,-1,0,no
48,admin,married,secondary,no,0,yes,no,17,jul,109,4,-1,0,no
52,blueCollar,divorced,primary,no,0,no,no,20,nov,19,1,-1,0,no
38,management,married,tertiary,no,179,no,no,8,aug,317,4,-1,0,yes
46,unemployed,married,secondary,no,16397,no,no,18,nov,641,1,-1,0,no
61,retired,divorced,primary,no,3624,no,no,25,nov,342,1,-1,0,yes
42,technician,married,tertiary,no,921,no,no,5,aug,531,3,-1,0,yes
32,services,married,secondary,no,1129,yes,no,15,apr,903,2,341,2,yes
48,management,married,primary,no,1513,no,no,29,jan,166,2,-1,0,no
49,unemployed,married,primary,yes,11,yes,no,31,jul,166,8,-1,0,no
27,student,single,secondary,no,279,no,no,12,oct,323,1,-1,0,yes
31,services,single,secondary,no,-45,no,no,7,may,246,2,-1,0,no
32,technician,single,tertiary,no,13711,yes,no,14,may,638,1,175,3,no
26,student,single,tertiary,no,294,no,no,5,mar,87,1,91,2,yes
48,blueCollar,married,secondary,no,1730,yes,no,4,feb,489,1,178,2,yes
28,student,single,secondary,no,196,no,no,2,jul,423,3,-1,0,yes
30,services,married,secondary,no,129,yes,no,26,may,1446,7,-1,0,yes
39,management,single,tertiary,no,1682,yes,no,19,nov,147,1,170,1,no
42,blueCollar,married,primary,no,2003,yes,no,17,apr,177,3,-1,0,no
34,blueCollar,single,secondary,no,186,no,no,2,feb,342,1,-1,0,no
36,management,married,tertiary,no,9,no,no,11,aug,386,4,-1,0,yes
30,management,single,tertiary,no,398,no,no,24,apr,235,2,-1,0,yes
38,services,married,secondary,no,2669,yes,no,20,apr,208,2,-1,0,no
34,blueCollar,married,primary,no,15841,yes,no,20,apr,423,5,-1,0,no
36,management,married,tertiary,no,-92,no,yes,18,nov,196,3,-1,0,no
31,technician,married,tertiary,no,95,no,no,21,nov,48,6,-1,0,no
30,admin,single,secondary,no,255,no,no,27,jan,143,1,-1,0,yes
48,blueCollar,single,primary,no,623,yes,no,2,feb,1425,2,-1,0,yes
59,selfEmployed,married,tertiary,no,2013,no,no,17,nov,409,2,-1,0,yes
29,student,single,secondary,no,67,no,no,23,feb,211,1,187,5,yes
30,management,single,tertiary,no,572,no,no,17,jun,339,3,183,2,yes
54,retired,single,primary,no,767,no,no,9,jun,42,2,-1,0,no
51,admin,divorced,secondary,no,-338,yes,no,29,jul,97,2,-1,0,no
37,technician,married,secondary,no,1580,no,no,22,aug,92,12,-1,0,no
56,blueCollar,married,secondary,no,448,yes,yes,17,may,556,1,181,2,yes
37,management,divorced,secondary,no,16,yes,no,30,may,638,1,-1,0,yes
38,management,married,secondary,no,93,no,no,3,jul,515,2,-1,0,no
42,blueCollar,married,secondary,no,1598,yes,yes,16,apr,1463,2,-1,0,yes
30,admin,single,secondary,no,523,no,yes,3,mar,83,1,-1,0,yes
55,management,divorced,tertiary,no,2037,no,no,4,feb,305,2,94,3,yes
54,technician,married,secondary,no,0,no,no,5,feb,744,3,-1,0,yes
37,entrepreneur,married,primary,no,8,yes,yes,16,jul,46,1,-1,0,no
28,management,married,tertiary,no,1240,no,no,4,aug,849,1,-1,0,yes
39,management,divorced,tertiary,no,2193,yes,yes,2,jun,550,3,-1,0,no
61,retired,married,secondary,no,86,no,no,23,oct,149,1,-1,0,yes
32,services,married,secondary,no,-34,yes,no,30,may,1236,2,-1,0,yes
46,housemaid,married,primary,no,3512,no,no,30,oct,175,1,197,1,yes
37,management,married,tertiary,no,7100,no,no,20,nov,757,2,-1,0,no
27,blueCollar,single,tertiary,no,567,no,no,26,may,523,3,182,3,yes
36,unemployed,single,tertiary,no,1291,no,no,30,apr,195,1,86,1,yes
40,services,married,primary,no,1082,yes,no,30,may,854,2,-1,0,yes
34,technician,married,secondary,no,652,yes,yes,18,jul,50,4,-1,0,no
31,admin,married,secondary,no,307,yes,no,9,may,538,1,-1,0,yes
55,retired,married,primary,no,2,no,no,27,jun,392,4,-1,0,no
37,admin,divorced,secondary,no,3975,yes,no,11,may,163,2,-1,0,no
33,blueCollar,married,primary,no,331,yes,no,30,may,139,3,-1,0,no
38,technician,married,tertiary,no,206,no,no,8,apr,350,2,-1,0,yes
48,entrepreneur,married,secondary,no,183,yes,no,3,jun,203,9,-1,0,no
42,management,married,tertiary,no,2665,yes,no,4,jun,280,2,126,11,yes
48,management,married,tertiary,no,263,yes,no,5,may,350,2,-1,0,no
45,admin,married,secondary,no,476,no,no,6,aug,356,1,364,1,yes
38,admin,married,secondary,no,0,yes,no,8,jun,187,1,181,2,yes
26,technician,single,tertiary,no,192,yes,no,15,may,477,1,-1,0,no
40,admin,married,secondary,no,1327,yes,yes,26,may,76,2,-1,0,no
46,admin,married,secondary,no,3098,yes,no,21,nov,192,9,-1,0,no
36,services,married,secondary,no,0,yes,yes,15,jul,201,4,-1,0,no
28,admin,divorced,secondary,no,785,yes,no,8,may,442,2,-1,0,yes
48,services,married,secondary,no,2850,yes,no,6,aug,107,3,-1,0,no
27,management,single,tertiary,yes,0,yes,no,19,may,352,1,-1,0,no
29,management,single,tertiary,no,841,no,no,5,feb,217,1,-1,0,no
51,management,married,tertiary,no,-321,no,no,6,feb,470,2,9,2,no
33,management,married,secondary,no,588,yes,no,18,may,11,5,-1,0,no
36,management,married,primary,no,1506,no,no,14,aug,326,3,-1,0,yes
25,management,single,tertiary,no,219,no,no,30,apr,458,1,-1,0,yes
36,management,married,tertiary,no,203,no,no,23,jul,608,3,179,2,yes
40,services,married,secondary,no,113,yes,no,4,jun,126,1,-1,0,no
32,technician,single,secondary,no,483,no,no,8,aug,580,3,-1,0,yes
55,blueCollar,married,secondary,no,467,no,no,25,aug,129,5,-1,0,no
35,management,married,secondary,no,839,yes,no,23,may,50,3,-1,0,no
58,management,married,tertiary,no,96,no,no,21,nov,850,1,-1,0,yes
44,management,married,secondary,no,0,no,no,21,aug,167,2,-1,0,no
42,technician,married,secondary,no,827,no,no,25,aug,153,3,-1,0,no
57,management,divorced,unknown,no,0,no,no,27,mar,102,1,-1,0,no
41,blueCollar,divorced,primary,no,138,yes,no,18,jul,640,3,-1,0,yes
47,admin,single,secondary,no,1693,yes,no,22,oct,608,2,92,4,yes
36,management,divorced,tertiary,no,59,no,no,13,aug,526,2,-1,0,yes
42,management,married,tertiary,no,187,no,no,11,aug,64,1,-1,0,no
49,blueCollar,married,primary,no,230,no,yes,30,jun,176,1,-1,0,no
29,technician,single,secondary,no,1856,yes,yes,18,may,134,1,-1,0,no
32,student,single,tertiary,no,1138,no,no,4,may,214,3,83,3,yes
48,entrepreneur,married,tertiary,yes,-392,no,no,31,jul,725,4,-1,0,yes
20,student,single,primary,no,6991,no,no,12,aug,178,2,-1,0,yes
55,management,married,primary,no,384,no,no,4,feb,75,1,-1,0,no
27,admin,married,secondary,no,-97,yes,no,18,jun,1528,2,-1,0,yes
33,services,divorced,secondary,no,327,yes,no,7,may,109,1,-1,0,no
28,blueCollar,single,secondary,no,38,yes,no,23,may,31,1,-1,0,no
36,management,married,tertiary,no,-115,yes,no,16,apr,297,4,182,2,yes
45,blueCollar,married,secondary,no,2071,no,yes,22,jul,1148,2,-1,0,no
46,blueCollar,divorced,secondary,no,138,no,no,19,nov,277,1,-1,0,no
36,blueCollar,married,primary,no,1177,no,no,15,apr,330,1,311,4,yes
43,management,single,tertiary,no,483,no,no,19,aug,950,6,-1,0,yes
57,management,married,tertiary,no,1172,yes,no,20,nov,72,1,-1,0,no
33,technician,married,secondary,no,-616,yes,yes,27,may,320,1,-1,0,no
29,management,married,secondary,no,0,yes,no,2,jun,85,4,-1,0,no
29,technician,single,tertiary,no,542,yes,no,9,may,338,3,-1,0,no
50,management,married,tertiary,no,1396,no,no,25,aug,731,6,-1,0,yes
75,retired,married,primary,no,1765,no,no,14,sep,808,1,187,4,yes
58,selfEmployed,married,secondary,no,9994,no,no,10,jul,400,1,-1,0,no
34,housemaid,divorced,primary,no,46,yes,no,11,jul,31,2,-1,0,no
32,admin,married,secondary,no,205,no,no,18,jul,197,3,-1,0,no
34,management,divorced,tertiary,no,70,yes,no,22,jul,5,1,701,6,no
49,blueCollar,divorced,primary,no,0,yes,no,29,jul,468,2,-1,0,no
24,blueCollar,single,secondary,no,476,yes,no,4,jun,161,1,-1,0,no
37,management,married,tertiary,no,789,yes,yes,11,aug,93,1,190,2,no
47,services,divorced,unknown,no,973,no,no,27,may,489,1,479,1,yes
31,technician,married,secondary,no,0,yes,yes,28,jan,71,1,223,9,no
66,housemaid,married,primary,no,1230,no,no,17,dec,726,3,-1,0,yes
59,retired,single,secondary,no,2,no,no,2,feb,935,1,-1,0,yes
76,retired,married,secondary,no,4112,no,no,23,oct,282,2,-1,0,yes
40,admin,married,secondary,no,67,no,yes,19,nov,359,2,152,5,no
52,technician,single,secondary,no,36,yes,no,16,may,335,1,-1,0,no
37,management,single,secondary,no,655,no,yes,4,feb,258,6,-1,0,no
50,blueCollar,married,primary,no,0,no,no,9,jun,199,4,-1,0,no
34,management,married,tertiary,no,1778,no,no,4,nov,358,1,162,2,yes
57,entrepreneur,married,primary,no,1153,yes,yes,9,jun,238,6,-1,0,no
56,management,married,primary,no,7747,no,no,5,jun,103,2,-1,0,no
25,blueCollar,single,secondary,no,1243,no,yes,10,jul,1341,7,-1,0,yes
35,management,single,tertiary,no,471,no,no,5,jun,276,2,-1,0,yes
40,management,married,secondary,no,106,no,no,17,jun,676,2,-1,0,yes
24,unemployed,single,secondary,no,2573,no,no,24,may,375,2,-1,0,yes
34,services,married,primary,no,31,no,yes,9,jul,53,3,-1,0,no
44,selfEmployed,married,unknown,no,680,yes,no,30,jul,84,4,-1,0,no
39,blueCollar,single,secondary,no,522,yes,no,14,may,225,7,350,2,no
33,admin,married,secondary,no,51,yes,yes,25,oct,253,1,284,3,yes
23,student,single,secondary,no,556,yes,no,15,may,170,2,-1,0,no
47,blueCollar,married,primary,no,2749,yes,no,30,apr,774,2,164,1,yes
32,technician,married,secondary,no,253,yes,no,21,nov,76,1,170,3,no
24,blueCollar,single,secondary,no,167,no,yes,18,feb,134,2,-1,0,yes
47,blueCollar,married,secondary,no,665,no,no,18,aug,885,3,-1,0,no
54,management,married,tertiary,no,195,no,yes,4,feb,47,1,265,6,no
32,management,married,tertiary,no,169,no,no,14,aug,698,2,-1,0,yes
38,services,single,secondary,no,895,yes,no,12,may,1531,1,-1,0,yes
46,admin,married,tertiary,no,2552,no,no,3,sep,260,1,94,8,yes
32,technician,single,unknown,no,317,yes,no,21,may,394,2,-1,0,no
49,admin,married,secondary,no,1047,no,no,8,aug,133,4,-1,0,no
29,blueCollar,single,unknown,no,694,yes,yes,16,jul,1806,4,-1,0,yes
38,admin,divorced,secondary,no,198,yes,no,26,may,431,2,-1,0,yes
29,blueCollar,married,secondary,no,246,yes,no,28,jul,194,5,-1,0,no
49,services,married,secondary,no,823,no,no,8,aug,780,4,-1,0,yes
31,technician,single,secondary,no,2544,no,no,15,jul,252,1,184,3,yes
34,technician,single,secondary,no,666,no,no,21,aug,1503,2,-1,0,yes
26,services,married,secondary,no,54,yes,no,13,may,116,1,-1,0,no
35,management,married,tertiary,no,2957,yes,yes,8,aug,733,3,-1,0,yes
27,management,single,secondary,no,145,yes,no,5,may,121,4,89,3,no
60,blueCollar,married,secondary,no,196,no,no,20,jun,583,3,-1,0,no
39,technician,single,secondary,no,4646,yes,no,18,nov,486,1,-1,0,yes
26,blueCollar,single,secondary,no,277,no,no,14,may,514,2,-1,0,no
35,admin,married,secondary,no,-244,yes,yes,6,may,118,1,-1,0,no
43,management,married,tertiary,no,40,no,no,10,feb,147,1,-1,0,yes
42,management,divorced,tertiary,no,1064,no,no,18,aug,101,2,-1,0,no
33,blueCollar,married,unknown,no,2655,yes,no,21,nov,195,1,-1,0,no
47,management,married,tertiary,no,600,no,no,19,aug,290,15,-1,0,yes
45,unemployed,single,secondary,no,33,no,no,5,feb,437,1,-1,0,no
43,management,married,tertiary,no,3186,no,no,16,nov,380,1,88,1,yes
39,management,single,tertiary,no,633,no,no,19,nov,105,2,133,3,no
80,retired,married,primary,no,155,no,no,9,dec,343,2,-1,0,yes
44,admin,married,tertiary,no,348,yes,yes,16,feb,170,2,-1,0,yes
19,student,single,unknown,no,779,no,no,1,apr,184,4,-1,0,yes
59,retired,married,primary,no,2074,no,no,21,dec,467,1,186,2,yes
60,blueCollar,married,primary,no,5,no,no,29,oct,401,1,-1,0,yes
32,technician,divorced,secondary,no,1097,yes,no,12,may,298,2,-1,0,no
46,admin,divorced,secondary,no,-60,no,no,17,nov,117,1,-1,0,no
29,admin,married,secondary,no,252,yes,no,15,may,1223,3,371,1,no
73,retired,married,tertiary,no,1843,no,no,11,sep,106,2,-1,0,yes
57,management,married,tertiary,no,2845,yes,no,19,apr,1143,5,-1,0,yes
57,unemployed,married,primary,no,0,yes,no,20,nov,231,2,-1,0,no
33,blueCollar,married,secondary,no,0,yes,no,21,may,521,3,-1,0,yes
39,management,divorced,tertiary,no,3261,yes,no,9,jun,150,17,-1,0,no
42,management,married,tertiary,no,386,yes,no,7,may,168,1,-1,0,no
55,management,married,unknown,no,1504,yes,no,22,may,338,2,-1,0,yes
29,management,married,tertiary,no,8103,no,no,28,may,473,3,-1,0,yes
59,technician,married,secondary,no,10925,no,no,21,apr,100,1,-1,0,yes
26,admin,single,secondary,no,1099,no,no,15,jan,99,2,225,13,no
34,management,married,tertiary,no,297,yes,no,26,aug,63,4,-1,0,no
55,management,married,tertiary,no,23189,yes,no,14,may,77,1,-1,0,no
35,admin,single,tertiary,no,1374,yes,no,15,may,319,1,-1,0,no
61,retired,married,secondary,no,938,no,no,15,jul,392,2,183,3,yes
41,blueCollar,married,secondary,no,356,yes,no,14,may,90,5,-1,0,no
38,technician,married,tertiary,no,88,no,no,8,nov,282,2,186,4,yes
44,management,married,tertiary,no,7818,no,no,27,may,412,1,-1,0,yes
47,management,married,primary,yes,145,no,yes,1,jul,163,1,-1,0,no
40,technician,married,secondary,no,8379,no,no,12,jun,52,6,-1,0,no
44,services,married,secondary,no,850,no,yes,16,jul,220,5,-1,0,no
35,management,married,tertiary,no,867,yes,no,20,nov,298,2,171,3,no
33,management,single,tertiary,no,23,no,no,20,aug,216,3,-1,0,no
55,technician,married,secondary,no,0,no,no,27,jul,506,2,-1,0,no
30,management,single,tertiary,yes,35,no,no,30,jul,185,4,-1,0,no
25,admin,married,secondary,no,894,yes,no,28,may,328,1,-1,0,no
31,admin,single,tertiary,no,676,yes,no,22,apr,124,2,343,2,yes
43,entrepreneur,married,primary,no,2315,yes,yes,14,may,42,1,-1,0,no
27,technician,married,secondary,no,876,yes,no,18,may,268,1,355,1,no
31,services,married,secondary,no,414,yes,no,7,may,215,1,-1,0,no
52,entrepreneur,divorced,secondary,no,7,no,no,24,jul,150,5,-1,0,no
35,technician,married,secondary,no,0,yes,no,19,nov,644,4,-1,0,yes
47,technician,married,secondary,no,1167,yes,no,30,apr,968,1,87,5,yes
46,technician,married,secondary,no,9299,no,no,19,jul,1148,1,276,2,yes
38,technician,married,secondary,no,497,no,no,14,apr,173,1,-1,0,yes
73,retired,married,unknown,no,3443,no,no,4,sep,770,3,-1,0,yes
37,management,married,tertiary,no,5,no,no,29,aug,36,2,-1,0,no
66,management,married,unknown,no,2149,yes,no,26,may,135,2,90,11,yes
39,technician,single,tertiary,no,393,no,no,28,jun,325,1,94,1,yes
36,blueCollar,married,secondary,no,6699,yes,no,20,apr,201,3,-1,0,no
52,unemployed,married,primary,no,1724,no,no,29,jan,73,1,-1,0,no
45,blueCollar,married,primary,no,351,yes,no,19,jun,66,1,-1,0,no
39,blueCollar,divorced,secondary,no,33,no,no,29,jan,593,4,-1,0,no
37,management,married,tertiary,no,2672,yes,no,11,aug,549,1,-1,0,no
43,technician,single,unknown,no,11115,no,no,23,apr,291,1,182,3,yes
35,admin,married,secondary,no,3854,yes,no,5,may,131,1,-1,0,no
41,selfEmployed,single,unknown,no,426,yes,no,19,jun,75,1,-1,0,no
36,entrepreneur,single,secondary,no,296,no,no,18,nov,67,2,111,2,no
37,management,single,tertiary,no,2173,no,no,21,nov,158,3,114,1,no
35,housemaid,single,primary,no,745,no,no,5,jun,522,3,-1,0,yes
33,blueCollar,single,primary,no,1390,yes,no,21,may,192,1,-1,0,no
37,services,single,secondary,no,608,no,no,14,may,380,3,-1,0,no
52,management,married,tertiary,no,0,no,no,12,aug,106,2,-1,0,no
44,management,married,tertiary,no,-1636,yes,yes,11,may,257,1,-1,0,no
51,blueCollar,married,primary,no,0,no,no,20,nov,85,1,-1,0,no
34,management,married,tertiary,no,188,no,no,5,may,399,1,-1,0,no
35,management,married,tertiary,no,323,no,no,11,jan,261,2,-1,0,yes
42,housemaid,single,secondary,no,578,no,no,28,jan,44,1,-1,0,no
49,blueCollar,married,unknown,no,51,yes,no,7,may,984,1,-1,0,no
29,blueCollar,single,tertiary,no,455,no,no,22,oct,542,4,148,3,yes
40,management,married,tertiary,no,66,no,no,13,aug,737,4,-1,0,yes
63,selfEmployed,married,tertiary,no,661,no,no,2,mar,56,2,-1,0,no
57,blueCollar,married,primary,no,630,yes,no,29,may,52,1,-1,0,no
27,services,single,secondary,no,453,no,no,19,apr,142,2,-1,0,yes
36,technician,divorced,secondary,no,1,no,no,8,aug,1242,3,-1,0,yes
41,technician,married,secondary,no,10438,yes,no,15,jul,141,4,-1,0,no
53,blueCollar,married,secondary,no,1653,no,no,17,jun,88,2,-1,0,no
49,blueCollar,married,tertiary,no,1784,no,no,12,jun,753,1,-1,0,no
31,blueCollar,married,secondary,no,812,yes,no,23,sep,245,1,-1,0,no
46,services,married,primary,no,4343,yes,no,20,sep,185,1,-1,0,yes
32,technician,single,tertiary,no,5514,no,no,22,oct,181,1,-1,0,yes
50,entrepreneur,married,tertiary,no,-168,yes,no,23,jul,1327,2,-1,0,yes
32,blueCollar,single,secondary,no,567,yes,no,7,may,275,2,342,4,no
22,admin,single,tertiary,no,897,yes,no,4,feb,133,4,-1,0,yes
33,blueCollar,married,secondary,no,3576,yes,no,2,apr,124,1,308,2,no
30,management,single,tertiary,no,697,no,no,28,apr,545,2,181,8,yes
43,unknown,married,unknown,no,1517,no,no,20,jun,45,1,-1,0,no
54,unknown,married,secondary,no,2206,no,no,11,feb,449,1,91,3,yes
36,technician,married,tertiary,no,4596,yes,no,8,oct,234,2,175,2,yes
26,services,single,secondary,no,335,no,no,29,jan,393,2,-1,0,no
25,student,single,unknown,no,722,no,no,21,apr,623,2,-1,0,yes
44,entrepreneur,married,secondary,no,320,yes,yes,5,feb,269,3,234,2,no
31,management,single,tertiary,no,5205,no,no,9,jun,529,2,-1,0,yes
21,student,single,secondary,no,794,no,no,5,jun,191,1,-1,0,yes
48,management,married,primary,no,1744,no,no,9,jun,181,1,-1,0,no
48,management,married,tertiary,no,291,yes,no,23,jul,350,2,-1,0,no
58,technician,married,unknown,no,49,yes,no,15,may,75,2,-1,0,no
56,retired,married,secondary,no,1044,no,no,3,jul,353,2,-1,0,yes
31,management,single,tertiary,no,354,no,no,21,apr,242,2,-1,0,yes
27,technician,single,tertiary,no,501,no,yes,30,jan,370,4,-1,0,no
51,management,divorced,tertiary,no,93,yes,yes,6,may,221,1,-1,0,no
26,blueCollar,single,secondary,no,535,no,no,14,aug,125,1,-1,0,yes
37,technician,married,secondary,no,432,yes,no,6,jul,386,3,776,55,yes
30,admin,single,secondary,no,4448,no,no,11,feb,112,8,-1,0,yes
54,services,single,secondary,no,0,no,no,23,sep,209,1,-1,0,yes
37,management,married,secondary,no,5447,yes,yes,17,nov,1789,1,-1,0,yes
55,management,married,tertiary,no,16786,no,no,18,nov,90,1,-1,0,no
50,housemaid,married,secondary,no,388,no,no,8,jun,152,2,89,2,no
39,housemaid,married,secondary,no,953,no,no,30,jan,23,6,232,3,no
40,technician,single,tertiary,no,1175,no,no,14,apr,184,1,-1,0,yes
43,blueCollar,single,primary,no,0,no,no,9,may,71,3,-1,0,no
57,retired,married,tertiary,no,0,yes,yes,28,may,648,1,-1,0,yes
26,admin,single,secondary,no,2509,no,no,19,feb,654,3,-1,0,yes
55,retired,married,secondary,no,0,no,no,4,aug,1110,1,-1,0,yes
38,technician,divorced,tertiary,no,791,yes,no,26,may,89,2,-1,0,no
50,selfEmployed,single,secondary,no,766,yes,no,7,may,253,2,304,4,no
31,management,divorced,tertiary,no,373,no,no,10,feb,132,6,-1,0,yes
36,student,single,secondary,no,17,no,no,22,apr,621,1,-1,0,yes
56,management,divorced,tertiary,no,3287,no,no,27,apr,497,1,-1,0,yes
35,management,married,tertiary,no,4124,yes,no,23,jul,350,2,445,7,yes
36,blueCollar,divorced,secondary,no,638,yes,no,16,jun,1395,2,-1,0,yes
54,retired,married,secondary,no,522,no,yes,14,jul,81,3,-1,0,no
60,blueCollar,married,primary,no,493,no,no,18,aug,671,4,-1,0,yes
28,management,single,tertiary,no,957,no,no,25,may,915,2,-1,0,yes
82,retired,married,primary,no,243,no,no,26,jul,275,1,180,2,yes
34,blueCollar,married,secondary,no,2308,yes,no,7,may,1062,1,-1,0,no
32,admin,married,tertiary,no,390,yes,yes,5,may,100,1,243,1,no
45,entrepreneur,married,tertiary,no,219,yes,yes,28,jul,118,4,-1,0,no
34,management,single,tertiary,no,-292,yes,no,19,aug,181,6,-1,0,no
41,admin,single,secondary,no,985,yes,no,30,jun,274,2,391,11,yes
52,technician,divorced,secondary,no,1005,yes,no,2,jun,195,1,-1,0,yes
36,management,single,tertiary,no,-38,yes,no,14,may,784,1,-1,0,no
41,unemployed,married,tertiary,no,0,no,no,30,oct,373,3,-1,0,yes
34,management,married,tertiary,no,417,yes,no,18,nov,138,1,-1,0,no
33,services,divorced,unknown,no,392,yes,no,15,jul,753,4,-1,0,no
18,student,single,unknown,no,108,no,no,8,sep,169,1,-1,0,yes
47,services,single,unknown,no,1784,no,no,19,oct,385,2,-1,0,yes
31,admin,married,secondary,no,535,no,no,9,may,249,3,-1,0,no
39,management,married,tertiary,no,562,no,no,13,sep,303,2,-1,0,no
31,unemployed,single,secondary,no,209,yes,no,6,may,193,1,-1,0,no
63,housemaid,married,primary,no,333,no,no,1,oct,321,1,-1,0,no
30,blueCollar,single,secondary,no,7773,yes,no,20,nov,705,1,-1,0,yes
39,blueCollar,married,secondary,no,854,yes,yes,6,may,181,1,-1,0,no
29,admin,single,secondary,no,27,yes,no,6,may,754,1,-1,0,yes
47,selfEmployed,married,tertiary,no,1011,no,no,6,oct,808,1,-1,0,yes
42,blueCollar,married,unknown,no,452,yes,no,17,nov,359,2,-1,0,no
46,admin,married,secondary,no,526,no,yes,31,jul,251,3,-1,0,no
38,technician,married,tertiary,no,1042,yes,no,4,feb,419,2,-1,0,no
36,services,single,secondary,no,1227,yes,yes,4,may,775,5,341,3,yes
40,blueCollar,married,primary,no,137,no,yes,10,jul,214,1,-1,0,no
59,management,married,tertiary,no,2239,no,no,22,may,431,1,-1,0,yes
34,management,married,tertiary,no,362,yes,no,30,may,38,3,-1,0,no
37,technician,married,tertiary,yes,0,yes,no,14,may,93,14,-1,0,no
28,unemployed,married,secondary,no,863,yes,yes,27,may,355,1,-1,0,no
34,blueCollar,married,secondary,no,1454,yes,no,11,feb,231,2,297,2,yes
37,housemaid,married,secondary,no,7433,no,yes,5,feb,630,3,-1,0,yes
35,admin,married,secondary,no,1345,yes,no,23,jul,135,1,-1,0,no
43,management,single,tertiary,no,11891,no,no,4,dec,821,5,242,1,yes
37,technician,single,secondary,yes,375,no,no,9,jun,223,2,-1,0,no
57,housemaid,married,primary,no,0,no,no,13,aug,189,2,-1,0,no
35,services,married,secondary,no,4170,yes,no,20,may,1777,1,-1,0,yes
38,technician,married,tertiary,no,-1,no,no,8,aug,188,4,-1,0,no
35,admin,divorced,secondary,no,1085,no,no,4,feb,195,6,97,12,yes
31,unemployed,married,secondary,no,86,yes,yes,3,jun,963,2,-1,0,yes
33,services,single,secondary,no,406,yes,no,5,feb,61,1,275,1,no
36,blueCollar,married,primary,no,2079,yes,yes,19,may,403,2,-1,0,no
32,management,married,tertiary,no,393,no,no,28,jan,458,2,-1,0,no
31,services,married,secondary,no,447,no,no,4,jun,327,3,77,3,yes
36,services,single,secondary,no,-253,yes,no,14,apr,1073,1,-1,0,yes
34,blueCollar,married,secondary,no,261,yes,no,3,feb,88,5,251,3,no
60,retired,married,secondary,no,938,no,no,13,jan,380,3,-1,0,yes
38,services,single,secondary,no,2253,yes,no,13,may,937,3,-1,0,yes
58,management,married,tertiary,no,4152,yes,no,30,apr,750,2,164,4,yes
28,blueCollar,single,secondary,no,1348,yes,no,6,aug,221,2,-1,0,yes
56,management,married,tertiary,no,3120,yes,no,7,aug,666,2,-1,0,no
32,unemployed,married,secondary,no,365,yes,no,30,jan,210,3,-1,0,no
33,blueCollar,married,secondary,no,1402,no,no,20,nov,63,5,-1,0,no
26,admin,single,secondary,no,274,no,no,1,apr,351,3,-1,0,yes
38,blueCollar,married,secondary,no,376,yes,no,7,may,1521,1,-1,0,no
31,admin,single,secondary,no,-302,yes,yes,27,may,235,5,-1,0,no
40,selfEmployed,married,secondary,yes,-754,yes,yes,3,jun,941,3,-1,0,yes
56,services,married,secondary,no,1150,no,yes,17,nov,107,1,117,3,no
26,management,married,tertiary,no,775,no,no,19,may,35,3,-1,0,no
44,technician,married,secondary,no,135,yes,no,8,may,262,3,-1,0,no
51,blueCollar,married,secondary,no,4787,yes,no,7,apr,895,1,-1,0,yes
77,retired,married,primary,no,29340,no,no,15,mar,257,1,91,2,yes
33,management,married,tertiary,no,2599,no,no,30,apr,1373,2,-1,0,yes
57,management,divorced,unknown,no,2986,no,no,17,dec,222,2,231,1,yes
33,selfEmployed,single,tertiary,no,658,yes,no,21,oct,307,1,208,1,yes
27,housemaid,married,secondary,yes,65,yes,yes,17,jul,59,1,-1,0,no
25,management,married,secondary,no,2228,yes,no,23,jul,754,1,-1,0,yes
33,technician,married,secondary,no,264,no,no,28,aug,180,4,-1,0,no
36,blueCollar,married,primary,no,409,yes,no,11,jun,81,3,-1,0,no
39,blueCollar,married,secondary,no,1756,yes,no,3,apr,939,1,-1,0,yes
64,management,married,tertiary,no,3951,no,no,28,jan,134,1,91,1,yes
40,management,married,secondary,no,4025,yes,no,15,jul,107,4,-1,0,no
34,selfEmployed,single,tertiary,no,36,no,no,28,jan,55,1,-1,0,no
34,services,married,secondary,no,295,yes,yes,4,jul,64,1,-1,0,no
33,technician,married,secondary,no,399,yes,no,7,may,143,1,-1,0,no
36,technician,single,secondary,no,818,yes,yes,19,aug,96,4,-1,0,no
56,services,single,secondary,no,-40,yes,no,15,may,311,1,368,2,yes
47,blueCollar,married,primary,no,4227,yes,no,13,may,659,1,-1,0,yes
42,management,married,tertiary,no,877,yes,no,14,may,238,1,-1,0,no
38,blueCollar,single,primary,no,1583,yes,no,15,may,386,1,-1,0,no
33,technician,married,secondary,no,177,yes,yes,12,may,22,8,-1,0,no
35,blueCollar,married,primary,no,0,no,no,31,jul,57,4,-1,0,no
27,management,single,tertiary,no,1840,no,no,1,jun,220,1,28,8,yes
90,retired,divorced,primary,no,712,no,no,3,mar,557,1,-1,0,yes
27,blueCollar,single,secondary,no,535,no,no,15,feb,171,1,91,2,yes
26,student,single,secondary,no,655,no,no,16,sep,190,1,-1,0,yes
46,management,divorced,tertiary,no,624,no,no,17,sep,336,2,183,2,yes
37,technician,single,tertiary,no,0,yes,no,23,jul,366,6,-1,0,yes
32,admin,married,secondary,no,51,yes,yes,14,jan,203,1,87,2,yes
33,technician,divorced,secondary,no,370,yes,no,11,aug,145,4,-1,0,no
32,technician,single,secondary,no,540,no,yes,29,jan,750,1,-1,0,yes
28,blueCollar,married,secondary,no,61,yes,no,21,aug,744,1,109,3,yes
40,admin,married,secondary,no,1060,yes,no,17,apr,14,3,-1,0,no
33,management,single,tertiary,no,718,yes,no,6,apr,122,1,98,2,yes
59,retired,divorced,primary,no,-88,yes,no,5,jun,910,2,-1,0,yes
70,retired,married,secondary,no,2575,no,no,20,apr,216,2,-1,0,yes
29,technician,single,secondary,no,544,yes,no,13,may,360,1,-1,0,no
56,management,married,tertiary,no,412,no,no,20,nov,179,6,-1,0,no
37,technician,married,unknown,no,189,no,no,16,jun,162,2,-1,0,yes
47,management,married,secondary,no,2892,no,no,17,jun,556,1,-1,0,yes
58,management,married,secondary,no,37,no,no,18,aug,84,11,-1,0,no
29,admin,single,secondary,no,1992,no,no,12,apr,119,2,-1,0,no
57,retired,married,primary,no,1623,yes,yes,18,jul,246,1,-1,0,no
31,admin,married,secondary,no,368,yes,no,5,may,414,5,361,3,no
29,admin,single,tertiary,no,41,yes,no,13,aug,148,2,-1,0,yes
29,selfEmployed,single,tertiary,no,655,no,no,23,mar,273,1,-1,0,yes
31,technician,married,secondary,no,106,yes,no,13,may,101,13,-1,0,no
50,blueCollar,married,primary,no,565,yes,yes,28,aug,36,3,-1,0,no
32,management,married,tertiary,no,628,no,no,30,apr,280,1,-1,0,no
24,student,single,primary,no,474,no,no,30,apr,551,1,-1,0,yes
33,entrepreneur,married,tertiary,no,606,yes,no,2,feb,194,1,-1,0,no
30,admin,divorced,secondary,no,83,yes,yes,6,may,310,1,-1,0,no
48,technician,married,primary,no,788,no,no,9,jul,36,2,-1,0,no
37,management,married,tertiary,no,0,no,no,16,jul,268,2,182,3,yes
27,management,single,tertiary,no,390,no,no,28,oct,190,1,82,1,no
41,blueCollar,married,secondary,no,2067,yes,no,20,jun,120,4,-1,0,no
25,services,single,secondary,no,801,no,no,5,jun,255,2,-1,0,yes
62,retired,married,primary,no,1084,no,no,14,apr,505,1,-1,0,yes
56,retired,divorced,primary,no,48,yes,no,14,may,132,2,-1,0,no
40,technician,married,secondary,no,0,yes,yes,26,jul,105,2,172,1,no
57,management,married,tertiary,no,3431,yes,no,21,nov,55,2,189,1,no
32,technician,single,secondary,no,719,yes,no,28,may,79,6,-1,0,no
37,blueCollar,divorced,secondary,no,614,yes,no,20,may,185,1,-1,0,no
50,housemaid,single,primary,no,1158,yes,no,3,feb,116,3,265,3,no
42,blueCollar,divorced,primary,no,419,yes,yes,14,may,96,4,-1,0,no
42,selfEmployed,married,secondary,no,240,yes,no,4,feb,183,1,189,16,no
21,admin,single,secondary,no,524,no,no,26,may,185,1,-1,0,yes
56,admin,married,secondary,no,1554,yes,yes,6,feb,15,6,190,27,no
55,technician,married,unknown,no,240,yes,no,2,aug,108,3,277,1,yes
35,technician,single,tertiary,no,1880,no,no,20,may,154,1,-1,0,yes
70,retired,married,primary,no,2346,no,no,24,feb,694,1,184,5,yes
34,entrepreneur,married,secondary,no,456,yes,yes,28,aug,137,8,-1,0,no
35,management,married,tertiary,no,1133,yes,no,3,nov,102,1,-1,0,yes
58,selfEmployed,married,tertiary,no,5810,no,no,12,mar,139,1,-1,0,yes
42,management,married,tertiary,no,0,no,no,13,aug,325,2,-1,0,no
33,management,married,tertiary,no,644,yes,yes,3,feb,124,2,271,2,no
36,entrepreneur,single,tertiary,no,658,yes,no,16,jun,61,3,-1,0,no
49,management,married,tertiary,no,0,yes,no,18,nov,102,1,-1,0,no
30,services,single,secondary,no,-114,yes,no,21,jul,396,2,-1,0,no
50,blueCollar,married,primary,no,82,no,no,5,apr,456,1,-1,0,yes
44,blueCollar,single,primary,no,36,yes,no,15,may,551,1,371,2,yes
29,blueCollar,married,secondary,no,7863,yes,no,14,may,1129,1,-1,0,yes
36,blueCollar,single,secondary,no,1822,yes,no,8,apr,952,1,323,1,yes
44,blueCollar,single,primary,no,0,yes,no,24,jul,184,1,-1,0,no
30,management,single,tertiary,no,5561,yes,no,19,nov,511,1,-1,0,yes
41,selfEmployed,married,unknown,no,1377,yes,no,15,may,111,4,371,2,no
27,blueCollar,married,secondary,no,197,no,no,23,jul,222,1,-1,0,no
46,admin,single,secondary,no,1693,yes,no,20,oct,427,1,-1,0,yes
34,admin,married,secondary,no,-312,yes,no,9,may,232,1,-1,0,no
35,management,single,tertiary,no,0,no,yes,14,aug,370,4,-1,0,no
59,admin,married,secondary,no,0,yes,no,10,jul,982,1,-1,0,yes
35,admin,divorced,secondary,no,437,yes,no,4,jun,908,1,-1,0,yes
47,services,married,secondary,no,0,yes,no,9,jul,250,1,-1,0,no
57,management,married,tertiary,no,0,yes,no,21,nov,67,1,-1,0,no
48,blueCollar,married,primary,no,476,no,no,11,aug,856,3,-1,0,yes
45,blueCollar,married,secondary,no,2246,yes,yes,21,nov,197,2,99,2,no
31,management,married,tertiary,no,1514,no,no,12,aug,284,2,-1,0,no
58,management,married,tertiary,no,473,no,no,18,feb,1109,1,262,1,yes
40,housemaid,married,tertiary,no,795,yes,no,29,may,725,3,-1,0,no
29,management,single,tertiary,no,2955,no,no,29,apr,226,2,-1,0,yes
30,management,single,tertiary,no,617,no,no,27,feb,192,2,-1,0,yes
42,management,married,tertiary,no,2187,yes,no,17,nov,525,3,-1,0,yes
28,management,single,tertiary,no,890,yes,no,7,sep,201,1,-1,0,yes
48,management,married,tertiary,no,308,yes,no,14,jul,125,5,-1,0,no
37,technician,single,secondary,no,1211,yes,no,21,may,795,1,-1,0,yes
36,management,single,tertiary,no,1089,yes,no,30,may,126,1,-1,0,no
35,housemaid,married,primary,no,113,yes,no,17,jul,923,2,-1,0,yes
26,blueCollar,single,tertiary,no,644,no,no,2,dec,346,1,-1,0,yes
37,unemployed,single,tertiary,no,1032,no,no,4,feb,63,1,-1,0,no
47,blueCollar,married,primary,no,3038,yes,no,14,jul,151,2,-1,0,no
35,selfEmployed,single,tertiary,no,353,no,no,11,feb,352,1,183,1,yes
31,technician,single,tertiary,no,1081,no,no,24,apr,202,5,261,2,yes
31,selfEmployed,single,secondary,no,762,no,no,11,aug,312,3,-1,0,no
37,management,married,tertiary,no,2987,yes,no,15,feb,93,1,91,9,yes
23,housemaid,married,tertiary,no,66,yes,no,7,may,1391,2,-1,0,yes
44,management,married,tertiary,no,309,yes,no,5,feb,676,1,-1,0,yes
43,management,divorced,unknown,no,7702,no,no,22,may,460,1,95,2,yes
48,unemployed,married,secondary,no,817,no,no,16,jul,806,3,183,5,yes
30,technician,single,tertiary,no,3086,yes,no,7,may,84,3,168,1,no
52,admin,divorced,secondary,no,48,no,yes,17,nov,591,1,-1,0,no
21,entrepreneur,single,tertiary,no,2077,no,no,5,aug,323,1,-1,0,yes
49,management,married,tertiary,no,735,yes,no,13,may,50,3,-1,0,no
31,blueCollar,married,primary,no,196,no,no,7,aug,248,1,-1,0,no
34,admin,married,secondary,no,155,no,no,5,feb,696,2,-1,0,yes
25,services,married,secondary,no,4522,yes,no,18,may,177,4,-1,0,no
42,management,divorced,unknown,no,7702,no,no,16,feb,138,2,-1,0,yes
39,technician,married,secondary,no,211,no,no,6,feb,53,2,-1,0,no
40,services,married,secondary,no,0,yes,no,2,jun,297,1,28,3,no
42,admin,married,secondary,no,214,yes,no,28,may,21,24,-1,0,no
36,unemployed,single,tertiary,no,1291,no,no,3,feb,298,1,-1,0,yes
29,blueCollar,single,secondary,no,2891,yes,no,7,may,293,1,-1,0,no
41,retired,divorced,primary,no,-233,yes,no,15,may,1156,2,-1,0,yes
36,blueCollar,single,secondary,no,111,yes,no,6,may,174,3,-1,0,no
22,housemaid,single,secondary,no,1796,no,no,28,jun,369,3,-1,0,yes
44,blueCollar,married,primary,no,140,yes,no,15,may,7,9,-1,0,no
58,management,divorced,secondary,no,10180,no,no,3,mar,180,2,-1,0,yes
57,entrepreneur,married,tertiary,no,958,no,no,6,jun,250,2,-1,0,no
39,blueCollar,married,tertiary,no,597,no,no,16,jul,686,6,-1,0,yes
37,entrepreneur,married,tertiary,no,342,yes,no,6,jun,212,1,-1,0,no
47,admin,single,secondary,no,594,yes,no,7,may,161,1,-1,0,no
28,selfEmployed,married,secondary,no,123,no,yes,22,oct,313,1,-1,0,yes
39,technician,married,secondary,no,0,yes,no,5,may,203,1,-1,0,no
38,technician,married,secondary,no,5115,yes,no,2,jun,318,1,95,7,yes
26,student,single,tertiary,no,97,no,no,27,aug,382,1,-1,0,no
35,blueCollar,married,secondary,no,1454,yes,no,12,aug,323,1,182,4,yes
27,blueCollar,single,secondary,no,-208,yes,no,21,may,127,2,-1,0,no
33,management,married,tertiary,no,322,yes,no,16,apr,77,3,-1,0,no
29,unemployed,single,primary,no,1374,no,no,14,may,1205,2,178,7,yes
41,blueCollar,married,secondary,no,598,yes,no,12,may,69,3,364,11,no
32,unemployed,married,unknown,no,881,no,no,9,feb,79,5,-1,0,no
35,management,single,tertiary,no,2486,yes,no,25,may,265,1,-1,0,no
42,blueCollar,married,secondary,no,349,yes,no,7,apr,226,2,-1,0,no
32,management,single,tertiary,no,11,yes,yes,5,may,399,1,-1,0,no
31,admin,single,tertiary,no,-218,yes,no,2,jun,227,15,-1,0,no
61,selfEmployed,married,tertiary,no,10861,no,no,25,oct,225,1,91,5,yes
30,student,single,secondary,no,48,no,no,18,aug,161,1,173,1,yes
28,blueCollar,single,tertiary,no,1984,yes,no,4,may,32,2,14,1,no
31,technician,single,secondary,no,373,no,no,22,aug,346,5,-1,0,no
33,services,single,secondary,no,100,yes,no,14,may,11,8,297,7,no
31,management,married,tertiary,no,6138,no,no,16,oct,154,2,119,5,yes
35,technician,single,secondary,no,3490,yes,no,29,aug,643,2,-1,0,yes
37,technician,married,primary,no,0,yes,no,6,may,76,4,-1,0,no
34,technician,single,tertiary,no,184,yes,no,30,jul,87,3,-1,0,no
35,management,single,tertiary,no,1618,yes,yes,7,may,542,1,-1,0,yes
45,technician,married,secondary,no,2403,no,no,21,nov,207,1,-1,0,no
31,management,single,tertiary,no,924,no,no,7,sep,231,1,94,3,yes
45,admin,married,secondary,no,231,yes,no,18,jun,151,3,-1,0,no
42,management,married,tertiary,no,1272,yes,no,5,may,117,1,169,1,no
33,management,single,tertiary,no,3143,no,no,29,jun,421,2,-1,0,yes
53,entrepreneur,married,tertiary,no,1961,no,no,15,dec,351,1,-1,0,yes
62,management,married,tertiary,no,0,no,no,3,sep,299,1,-1,0,yes
38,selfEmployed,single,secondary,no,592,no,no,6,may,275,1,-1,0,no
60,technician,married,secondary,no,259,no,no,6,jul,396,1,386,2,yes
30,blueCollar,single,primary,no,395,no,no,21,nov,429,1,-1,0,no
43,services,single,secondary,no,21,no,no,3,feb,203,3,-1,0,no
28,technician,single,tertiary,no,75,yes,yes,5,may,233,2,-1,0,no
51,admin,married,primary,no,658,yes,no,14,may,369,1,-1,0,no
53,housemaid,married,primary,no,1903,no,no,5,jun,827,1,-1,0,no
31,admin,single,secondary,no,410,no,no,25,oct,182,1,185,1,yes
33,management,single,tertiary,no,4128,yes,no,12,may,456,6,-1,0,no
56,admin,single,secondary,no,2815,yes,no,11,sep,212,1,-1,0,yes
58,management,married,tertiary,no,3864,yes,no,15,jul,815,4,-1,0,yes
46,admin,divorced,secondary,no,2196,no,no,28,jul,573,5,-1,0,yes
49,blueCollar,married,primary,no,399,no,no,29,jan,679,1,-1,0,no
27,management,single,tertiary,yes,-713,yes,no,4,jun,525,2,-1,0,yes
39,student,single,tertiary,no,2103,no,no,2,feb,588,1,-1,0,yes
45,selfEmployed,single,primary,no,112,no,no,20,jun,298,4,-1,0,no
34,admin,single,secondary,no,598,yes,no,17,apr,365,1,324,1,no
25,student,single,secondary,no,2975,no,no,2,sep,799,2,-1,0,yes
26,management,single,tertiary,no,47,yes,no,18,may,63,1,-1,0,no
33,admin,married,secondary,no,1077,yes,no,18,may,432,3,374,3,no
33,technician,married,secondary,no,0,no,no,19,aug,78,3,-1,0,no
47,technician,married,tertiary,no,545,yes,no,12,aug,588,3,-1,0,no
43,blueCollar,married,secondary,no,833,no,no,17,jul,156,1,-1,0,no
39,management,single,tertiary,no,1914,no,no,18,aug,94,4,-1,0,no
54,housemaid,married,primary,no,127,no,no,19,aug,176,4,-1,0,no
38,management,married,tertiary,no,1354,yes,no,29,jan,50,2,-1,0,no
42,blueCollar,married,primary,no,-67,yes,no,9,may,128,1,-1,0,no
26,admin,single,secondary,no,255,no,no,30,apr,457,1,80,1,yes
41,selfEmployed,divorced,tertiary,no,4418,yes,no,21,nov,855,3,-1,0,no
43,management,divorced,tertiary,no,-410,no,yes,9,jul,189,1,-1,0,no
64,retired,married,secondary,no,571,yes,no,20,apr,1422,2,-1,0,yes
39,services,single,secondary,no,91,no,no,3,sep,213,1,185,1,yes
34,selfEmployed,single,tertiary,no,462,no,no,21,aug,1877,3,-1,0,yes
35,management,single,tertiary,no,805,no,no,17,sep,613,1,-1,0,no
33,blueCollar,married,secondary,no,-267,yes,no,20,apr,1030,3,-1,0,yes
38,management,married,tertiary,no,676,no,no,15,may,59,3,-1,0,no
53,management,married,tertiary,no,1624,no,no,30,apr,284,3,84,3,yes
32,blueCollar,married,primary,no,1644,no,no,7,sep,492,3,102,5,yes
45,admin,divorced,secondary,no,0,no,no,29,oct,264,1,-1,0,yes
80,retired,married,secondary,no,668,no,no,8,jul,250,1,371,1,yes
43,management,single,tertiary,no,1046,no,no,9,jun,901,1,-1,0,yes
48,services,married,secondary,no,127,no,no,8,jul,117,1,-1,0,no
32,blueCollar,married,primary,no,415,yes,no,2,jun,777,4,-1,0,yes
35,unemployed,single,tertiary,no,415,no,no,4,feb,649,1,176,1,yes
52,retired,married,secondary,no,603,no,yes,9,jun,79,1,-1,0,no
26,blueCollar,married,secondary,no,245,yes,no,28,may,146,2,-1,0,no
39,admin,divorced,secondary,no,878,yes,no,15,may,611,5,-1,0,yes
30,technician,single,secondary,no,4787,yes,no,18,nov,266,1,167,2,no
45,blueCollar,divorced,primary,no,-207,no,no,15,jul,878,2,-1,0,yes
52,unemployed,married,secondary,no,2251,yes,no,3,jun,58,9,-1,0,no
49,entrepreneur,divorced,unknown,yes,-701,yes,no,30,jul,988,2,-1,0,yes
34,technician,married,secondary,no,-25,no,no,15,may,207,1,-1,0,no
31,management,married,tertiary,no,1812,no,no,30,apr,461,1,-1,0,yes
46,admin,single,unknown,no,306,yes,no,11,may,289,5,-1,0,no
28,blueCollar,married,primary,no,278,yes,yes,15,may,31,9,373,4,no
38,technician,married,secondary,no,0,yes,no,22,apr,315,1,-1,0,yes
41,blueCollar,married,secondary,no,213,yes,no,8,may,10,2,-1,0,no
47,technician,married,secondary,no,0,yes,no,25,may,234,1,-1,0,no
62,technician,married,secondary,no,973,no,no,2,feb,326,1,-1,0,yes
48,management,divorced,tertiary,no,174,no,no,6,aug,290,2,-1,0,no
48,blueCollar,married,secondary,no,3776,no,no,4,may,254,4,-1,0,no
25,blueCollar,single,primary,no,-289,yes,no,13,may,56,2,-1,0,no
29,admin,single,secondary,no,464,no,no,10,aug,317,2,518,1,yes
43,management,divorced,tertiary,no,666,no,no,13,aug,160,3,-1,0,no
34,management,married,tertiary,no,703,yes,no,14,apr,342,1,-1,0,yes
52,technician,married,secondary,no,386,no,no,20,apr,438,1,-1,0,yes
59,admin,married,primary,no,1040,no,no,31,jul,733,1,-1,0,no
33,student,married,secondary,no,1536,no,no,9,nov,262,1,94,2,yes
39,management,married,tertiary,no,351,yes,no,20,may,999,3,-1,0,no
78,retired,divorced,primary,no,2787,no,no,1,jul,372,1,-1,0,yes
67,retired,divorced,tertiary,no,443,no,no,18,aug,441,1,-1,0,yes
37,selfEmployed,single,tertiary,no,1188,no,no,24,jun,310,1,-1,0,yes
37,technician,single,tertiary,no,6101,no,no,4,may,60,5,87,1,no
33,management,married,tertiary,no,644,no,no,11,aug,99,2,-1,0,no
61,management,single,tertiary,no,2,no,no,12,aug,131,1,114,3,yes
42,technician,married,secondary,no,994,yes,no,12,nov,227,3,93,6,yes
26,services,single,secondary,no,397,no,no,29,jan,268,1,-1,0,no
49,management,married,secondary,no,249,no,no,6,nov,234,1,-1,0,yes
48,admin,married,secondary,no,-30,yes,no,7,may,133,1,-1,0,no
43,unemployed,married,secondary,no,210,yes,no,12,may,88,5,-1,0,no
35,management,married,tertiary,no,4943,yes,no,18,nov,295,1,124,2,no
50,admin,divorced,secondary,no,797,yes,no,25,jul,72,8,-1,0,no
37,admin,single,tertiary,no,1000,yes,no,15,jun,322,1,90,1,yes
59,retired,married,tertiary,no,1296,no,no,11,aug,862,11,-1,0,no
33,blueCollar,married,primary,no,925,no,no,20,nov,884,3,-1,0,no
59,admin,divorced,secondary,no,-41,yes,yes,20,may,171,1,-1,0,no
49,blueCollar,married,secondary,no,90,yes,no,7,may,127,1,-1,0,no
36,admin,divorced,tertiary,no,125,yes,no,26,may,172,1,-1,0,no
28,student,single,tertiary,no,0,no,no,28,sep,294,2,105,7,yes
70,housemaid,divorced,primary,no,1311,no,no,11,aug,651,1,-1,0,yes
24,student,single,secondary,no,1809,no,no,11,oct,165,1,95,2,yes
57,housemaid,married,primary,no,1969,no,no,14,aug,286,3,-1,0,no
39,technician,divorced,secondary,no,902,yes,no,10,feb,691,2,180,5,yes
46,services,divorced,secondary,no,5,yes,yes,29,jan,305,2,-1,0,no
37,admin,married,secondary,no,1967,no,no,27,may,242,1,212,1,yes
44,entrepreneur,married,secondary,no,692,no,no,18,jun,73,4,-1,0,no
25,selfEmployed,single,secondary,no,1242,yes,no,28,may,615,2,-1,0,yes
34,blueCollar,married,secondary,no,800,no,no,5,apr,144,1,-1,0,yes
38,management,divorced,tertiary,no,4335,yes,no,20,nov,640,1,-1,0,no
29,unemployed,single,tertiary,no,150,yes,no,5,may,165,1,-1,0,no
28,admin,single,secondary,no,261,yes,yes,29,jan,254,3,142,6,yes
43,services,divorced,secondary,no,5571,no,no,9,jun,149,1,-1,0,no
32,blueCollar,married,secondary,no,225,yes,no,17,apr,574,1,150,1,yes
38,technician,married,tertiary,no,3234,no,no,18,nov,578,2,-1,0,yes
30,services,single,tertiary,no,1788,no,no,4,aug,288,1,181,2,yes
59,services,married,secondary,no,-22,yes,no,26,may,748,3,-1,0,yes
28,technician,single,tertiary,no,4513,yes,no,27,may,167,3,-1,0,no
41,blueCollar,married,secondary,yes,720,no,yes,24,jul,651,1,-1,0,yes
34,management,single,tertiary,no,1228,no,no,30,apr,580,2,84,8,yes
28,technician,single,tertiary,no,2489,yes,no,27,feb,342,2,-1,0,yes
37,unemployed,single,tertiary,no,1291,no,no,5,aug,150,1,97,2,yes
31,admin,single,secondary,no,3950,yes,no,21,nov,529,1,-1,0,yes
57,services,married,secondary,no,84,yes,no,15,may,59,1,-1,0,no
68,retired,married,secondary,no,1146,no,no,13,may,356,1,71,5,yes
37,blueCollar,married,secondary,no,509,yes,no,20,apr,172,1,-1,0,no
40,unemployed,divorced,secondary,no,1694,no,no,12,aug,473,6,-1,0,yes
42,technician,divorced,secondary,no,0,yes,no,28,may,471,2,-1,0,no
39,blueCollar,married,secondary,no,167,yes,yes,12,may,612,1,-1,0,yes
60,retired,divorced,tertiary,no,4,yes,no,2,dec,415,1,190,5,yes
61,retired,married,secondary,no,1058,no,no,27,apr,159,3,-1,0,yes
33,blueCollar,single,secondary,no,45,no,no,20,jun,13,12,-1,0,no
38,selfEmployed,married,secondary,no,30,no,no,16,jun,91,1,-1,0,no
45,selfEmployed,married,tertiary,no,-497,yes,yes,15,may,217,1,176,1,no
38,admin,divorced,secondary,no,-51,no,yes,30,jan,102,1,-1,0,no
59,retired,married,tertiary,no,9676,no,no,27,mar,234,2,-1,0,yes
37,entrepreneur,married,tertiary,no,7944,no,no,21,nov,102,1,-1,0,no
28,blueCollar,married,secondary,no,948,yes,no,9,may,455,1,-1,0,no
31,technician,single,tertiary,no,967,no,no,21,nov,210,3,-1,0,no
58,management,divorced,secondary,no,3161,no,no,30,jul,542,2,-1,0,yes
37,technician,married,secondary,no,1824,yes,no,3,jul,112,2,324,2,no
60,services,married,secondary,no,8837,yes,no,16,may,144,4,-1,0,no
80,retired,married,primary,no,997,no,no,29,oct,746,2,86,1,yes
37,admin,married,secondary,no,36,yes,no,13,may,428,1,-1,0,no
58,blueCollar,married,secondary,no,25,no,no,9,jun,486,3,-1,0,yes
42,blueCollar,married,secondary,no,160,yes,yes,26,jun,190,1,-1,0,no
43,technician,divorced,secondary,no,-36,yes,no,17,nov,190,1,104,1,no
42,management,married,tertiary,no,372,yes,no,3,aug,654,2,-1,0,yes
34,management,single,tertiary,no,9827,yes,no,13,aug,871,4,-1,0,yes
39,management,married,tertiary,no,-17,yes,yes,28,aug,908,1,-1,0,yes
30,management,married,tertiary,no,14,no,no,24,jul,90,2,-1,0,no
38,services,married,secondary,no,105,no,no,30,jul,244,2,-1,0,no
38,management,married,tertiary,no,595,yes,no,18,nov,70,1,-1,0,no
49,admin,married,secondary,no,0,no,no,22,aug,115,2,-1,0,no
35,blueCollar,married,secondary,no,1949,yes,no,2,jun,200,3,-1,0,no
60,management,married,tertiary,no,73,no,no,8,aug,243,2,-1,0,yes
37,blueCollar,married,primary,no,-738,yes,no,5,may,303,1,-1,0,no
30,admin,single,secondary,no,69,yes,no,17,apr,997,1,-1,0,yes
41,technician,married,secondary,no,1819,no,no,22,sep,397,1,371,3,yes
33,admin,married,tertiary,no,79,yes,no,22,oct,249,2,335,2,yes
53,admin,single,secondary,no,2398,yes,no,2,aug,317,1,180,2,yes
31,technician,single,secondary,no,1222,yes,no,20,apr,186,3,-1,0,no
25,student,single,secondary,no,1608,no,no,30,apr,664,2,-1,0,yes
71,retired,married,tertiary,no,4388,no,no,8,jul,896,2,-1,0,yes
50,management,married,tertiary,no,67,no,yes,20,jun,156,3,-1,0,no
33,services,married,secondary,no,1082,yes,yes,19,nov,351,1,-1,0,no
59,services,married,secondary,no,2965,yes,no,13,may,1970,3,-1,0,yes
33,services,married,secondary,no,3444,yes,no,21,oct,144,1,91,4,yes
53,management,single,tertiary,no,720,yes,no,17,nov,99,1,-1,0,no
43,unemployed,married,primary,no,519,no,no,20,jun,973,2,-1,0,yes
28,management,single,secondary,no,1633,no,no,5,jun,275,1,-1,0,yes
35,management,single,tertiary,no,397,yes,no,17,apr,594,1,-1,0,yes
31,selfEmployed,married,tertiary,no,2666,no,no,8,jul,411,2,148,9,yes
42,technician,married,secondary,no,1812,yes,no,31,jul,84,2,-1,0,no
31,blueCollar,married,secondary,no,625,yes,no,2,jul,135,2,49,3,yes
78,retired,divorced,secondary,no,3417,no,no,12,may,309,1,181,1,yes
52,admin,divorced,secondary,no,361,no,yes,20,nov,147,1,-1,0,no
55,unemployed,divorced,secondary,no,309,no,no,21,oct,467,2,184,1,yes
47,admin,divorced,secondary,no,225,no,no,28,aug,1126,4,-1,0,yes
38,blueCollar,married,secondary,no,292,yes,yes,6,jun,84,2,-1,0,no
40,technician,divorced,tertiary,no,4736,yes,no,11,feb,285,2,-1,0,yes
46,management,married,tertiary,no,0,no,no,18,nov,716,2,110,3,yes
30,management,married,tertiary,no,5381,no,no,17,nov,375,1,-1,0,no
19,student,single,secondary,no,329,no,no,22,oct,252,2,-1,0,yes
34,technician,single,secondary,no,1279,yes,no,21,oct,339,3,91,10,yes
28,blueCollar,single,secondary,no,-197,yes,no,9,may,2016,2,-1,0,yes
36,management,married,tertiary,no,255,no,no,22,may,970,2,92,2,yes
38,management,single,tertiary,no,6158,yes,no,15,apr,139,5,145,9,yes
38,blueCollar,divorced,secondary,no,0,yes,no,11,may,580,1,173,1,no
48,housemaid,married,primary,no,7195,no,no,21,nov,609,2,-1,0,yes
54,management,married,secondary,no,2895,yes,no,9,feb,20,2,256,1,no
29,services,single,tertiary,no,1788,no,no,27,oct,353,1,-1,0,yes
41,blueCollar,married,primary,no,2453,yes,no,15,may,1052,1,-1,0,yes
56,technician,divorced,secondary,no,1480,yes,yes,5,feb,576,1,-1,0,no
36,management,single,tertiary,no,-78,yes,no,2,jun,1068,1,-1,0,yes
31,management,married,tertiary,no,676,no,no,7,aug,1182,1,-1,0,yes
35,management,married,tertiary,no,1471,yes,yes,13,aug,236,3,-1,0,no
47,blueCollar,married,secondary,no,292,no,no,10,feb,277,1,-1,0,yes
35,admin,single,secondary,no,181,yes,no,18,may,217,4,301,1,no
51,entrepreneur,married,primary,no,538,no,no,18,nov,1122,4,-1,0,yes
29,unemployed,single,tertiary,no,1311,no,no,28,aug,622,1,-1,0,yes
35,blueCollar,married,secondary,no,126,yes,no,16,apr,472,1,-1,0,no
38,entrepreneur,single,secondary,no,2543,no,no,11,nov,357,3,93,5,yes
49,management,married,tertiary,no,1808,yes,no,1,jun,205,1,95,1,yes
27,services,single,secondary,no,246,no,no,17,jun,453,2,-1,0,yes
45,services,single,secondary,no,482,yes,yes,30,may,637,2,-1,0,no
45,management,married,tertiary,no,0,yes,no,5,may,469,2,342,1,no
56,management,married,secondary,no,0,no,no,27,oct,298,1,111,8,yes
29,services,married,secondary,no,376,no,yes,28,jan,49,3,183,4,no
34,unemployed,married,secondary,no,438,yes,yes,9,apr,272,1,323,1,no
42,admin,single,secondary,no,4253,yes,no,13,may,146,1,-1,0,no
31,entrepreneur,single,tertiary,no,734,yes,no,7,may,295,1,168,4,no
56,blueCollar,married,secondary,no,249,yes,no,29,may,791,2,-1,0,yes
48,management,married,tertiary,no,1147,no,no,5,aug,389,1,64,2,yes
23,student,single,secondary,no,4126,no,no,25,mar,96,2,-1,0,yes
37,blueCollar,married,primary,no,0,yes,no,26,may,24,1,-1,0,no
59,retired,married,primary,no,3400,yes,no,5,aug,515,3,-1,0,yes
58,management,married,tertiary,no,1318,no,no,16,jul,184,1,179,5,no
59,management,divorced,tertiary,no,59,yes,no,5,may,273,1,-1,0,no
42,blueCollar,married,primary,no,-181,yes,no,15,may,297,3,-1,0,no
37,management,married,tertiary,no,4089,yes,no,2,feb,289,2,174,4,yes
47,management,single,tertiary,no,-230,no,no,4,feb,293,1,-1,0,no
31,selfEmployed,single,tertiary,no,17924,yes,no,14,may,745,1,174,3,yes
31,blueCollar,married,secondary,no,0,yes,no,9,may,133,1,-1,0,no
69,retired,single,tertiary,no,2144,no,no,29,jul,417,1,184,4,yes
35,management,married,tertiary,no,0,yes,yes,25,jul,86,4,-1,0,no
50,entrepreneur,married,primary,no,431,yes,no,20,apr,12,5,-1,0,no
44,unemployed,married,secondary,no,0,yes,no,2,feb,699,1,272,1,yes
26,management,single,tertiary,no,194,no,no,22,apr,407,2,-1,0,yes
57,services,single,secondary,no,0,no,no,6,aug,355,1,-1,0,yes
40,technician,divorced,secondary,no,0,no,no,7,aug,674,2,-1,0,yes
26,admin,single,tertiary,no,313,no,yes,26,feb,210,2,-1,0,yes
25,technician,single,tertiary,no,1231,no,no,31,aug,271,2,-1,0,yes
41,admin,single,secondary,no,90,yes,no,15,may,77,2,347,4,no
39,technician,single,unknown,no,75,no,no,6,jun,26,1,-1,0,no
37,admin,single,secondary,no,810,yes,no,8,apr,376,1,295,1,no
31,technician,single,secondary,no,1970,no,no,17,apr,284,3,-1,0,no
46,admin,single,secondary,no,849,yes,no,5,jun,508,2,-1,0,yes
71,retired,divorced,primary,no,275,no,no,14,jun,293,1,425,1,yes
50,technician,married,primary,no,249,yes,no,6,may,129,1,-1,0,no
60,management,married,tertiary,no,3387,no,no,14,aug,636,2,-1,0,no
46,services,married,secondary,no,-119,yes,no,22,jul,151,3,-1,0,no
30,technician,married,secondary,no,743,no,no,29,jan,142,2,-1,0,no
32,unemployed,married,secondary,no,262,no,no,29,jan,203,1,-1,0,no
39,selfEmployed,married,secondary,no,4722,yes,no,17,jun,483,1,-1,0,no
32,technician,single,tertiary,no,6281,yes,no,3,jun,1336,4,-1,0,yes